<?xml version="1.0" encoding="UTF-8"?>
<metadata xml:lang="en"><Esri><CreaDate>20170405</CreaDate><CreaTime>14233300</CreaTime><ArcGISFormat>1.0</ArcGISFormat><SyncOnce>FALSE</SyncOnce><DataProperties><itemProps><itemName Sync="TRUE">Voters_Parent_try2</itemName><imsContentType Sync="TRUE">002</imsContentType><itemLocation><linkage Sync="TRUE">file://\\CLE-MNADAS1\data\temp\Voters_Parent_try2.shp</linkage><protocol Sync="TRUE">Local Area Network</protocol></itemLocation><itemSize Sync="TRUE">0.000</itemSize></itemProps><coordRef><type Sync="TRUE">Geographic</type><geogcsn Sync="TRUE">GCS_WGS_1984</geogcsn><csUnits Sync="TRUE">Angular Unit: Degree (0.017453)</csUnits><peXml Sync="TRUE">&lt;GeographicCoordinateSystem xsi:type='typens:GeographicCoordinateSystem' xmlns:xsi='http://www.w3.org/2001/XMLSchema-instance' xmlns:xs='http://www.w3.org/2001/XMLSchema' xmlns:typens='http://www.esri.com/schemas/ArcGIS/10.5'&gt;&lt;WKT&gt;GEOGCS[&amp;quot;GCS_WGS_1984&amp;quot;,DATUM[&amp;quot;D_WGS_1984&amp;quot;,SPHEROID[&amp;quot;WGS_1984&amp;quot;,6378137.0,298.257223563]],PRIMEM[&amp;quot;Greenwich&amp;quot;,0.0],UNIT[&amp;quot;Degree&amp;quot;,0.0174532925199433],AUTHORITY[&amp;quot;EPSG&amp;quot;,4326]]&lt;/WKT&gt;&lt;XOrigin&gt;-400&lt;/XOrigin&gt;&lt;YOrigin&gt;-400&lt;/YOrigin&gt;&lt;XYScale&gt;11258999068426.238&lt;/XYScale&gt;&lt;ZOrigin&gt;-100000&lt;/ZOrigin&gt;&lt;ZScale&gt;10000&lt;/ZScale&gt;&lt;MOrigin&gt;-100000&lt;/MOrigin&gt;&lt;MScale&gt;10000&lt;/MScale&gt;&lt;XYTolerance&gt;8.983152841195215e-009&lt;/XYTolerance&gt;&lt;ZTolerance&gt;0.001&lt;/ZTolerance&gt;&lt;MTolerance&gt;0.001&lt;/MTolerance&gt;&lt;HighPrecision&gt;true&lt;/HighPrecision&gt;&lt;LeftLongitude&gt;-180&lt;/LeftLongitude&gt;&lt;WKID&gt;4326&lt;/WKID&gt;&lt;LatestWKID&gt;4326&lt;/LatestWKID&gt;&lt;/GeographicCoordinateSystem&gt;</peXml></coordRef><lineage><Process ToolSource="c:\program files (x86)\arcgis\desktop10.5\ArcToolbox\Toolboxes\Data Management Tools.tbx\Merge" Date="20170405" Time="142143">Merge sheet30;sheet31;sheet32;sheet33;sheet19;sheet20;sheet21;sheet22;sheet23;sheet24;sheet25;sheet26;sheet27;sheet28;sheet29 C:\Users\mnadas\Documents\ArcGIS\Default.gdb\sheet30_Merge "Name "Name" true true false 254 Text 0 0 ,First,#,sheet30,Name,-1,-1,sheet31,Name,-1,-1,sheet32,Name,-1,-1,sheet33,Name,-1,-1,sheet19,Name,-1,-1,sheet20,Name,-1,-1,sheet21,Name,-1,-1,sheet22,Name,-1,-1,sheet23,Name,-1,-1,sheet24,Name,-1,-1,sheet25,Name,-1,-1,sheet26,Name,-1,-1,sheet27,Name,-1,-1,sheet28,Name,-1,-1,sheet29,Name,-1,-1;descriptio "descriptio" true true false 254 Text 0 0 ,First,#,sheet30,descriptio,-1,-1,sheet31,descriptio,-1,-1,sheet32,descriptio,-1,-1,sheet33,descriptio,-1,-1,sheet19,descriptio,-1,-1,sheet20,descriptio,-1,-1,sheet21,descriptio,-1,-1,sheet22,descriptio,-1,-1,sheet23,descriptio,-1,-1,sheet24,descriptio,-1,-1,sheet25,descriptio,-1,-1,sheet26,descriptio,-1,-1,sheet27,descriptio,-1,-1,sheet28,descriptio,-1,-1,sheet29,descriptio,-1,-1;timestamp "timestamp" true true false 24 Text 0 0 ,First,#,sheet30,timestamp,-1,-1,sheet31,timestamp,-1,-1,sheet32,timestamp,-1,-1,sheet33,timestamp,-1,-1,sheet19,timestamp,-1,-1,sheet20,timestamp,-1,-1,sheet21,timestamp,-1,-1,sheet22,timestamp,-1,-1,sheet23,timestamp,-1,-1,sheet24,timestamp,-1,-1,sheet25,timestamp,-1,-1,sheet26,timestamp,-1,-1,sheet27,timestamp,-1,-1,sheet28,timestamp,-1,-1,sheet29,timestamp,-1,-1;begin "begin" true true false 24 Text 0 0 ,First,#,sheet30,begin,-1,-1,sheet31,begin,-1,-1,sheet32,begin,-1,-1,sheet33,begin,-1,-1,sheet19,begin,-1,-1,sheet20,begin,-1,-1,sheet21,begin,-1,-1,sheet22,begin,-1,-1,sheet23,begin,-1,-1,sheet24,begin,-1,-1,sheet25,begin,-1,-1,sheet26,begin,-1,-1,sheet27,begin,-1,-1,sheet28,begin,-1,-1,sheet29,begin,-1,-1;end "end" true true false 24 Text 0 0 ,First,#,sheet30,end,-1,-1,sheet31,end,-1,-1,sheet32,end,-1,-1,sheet33,end,-1,-1,sheet19,end,-1,-1,sheet20,end,-1,-1,sheet21,end,-1,-1,sheet22,end,-1,-1,sheet23,end,-1,-1,sheet24,end,-1,-1,sheet25,end,-1,-1,sheet26,end,-1,-1,sheet27,end,-1,-1,sheet28,end,-1,-1,sheet29,end,-1,-1;altitudeMo "altitudeMo" true true false 254 Text 0 0 ,First,#,sheet30,altitudeMo,-1,-1,sheet31,altitudeMo,-1,-1,sheet32,altitudeMo,-1,-1,sheet33,altitudeMo,-1,-1,sheet19,altitudeMo,-1,-1,sheet20,altitudeMo,-1,-1,sheet21,altitudeMo,-1,-1,sheet22,altitudeMo,-1,-1,sheet23,altitudeMo,-1,-1,sheet24,altitudeMo,-1,-1,sheet25,altitudeMo,-1,-1,sheet26,altitudeMo,-1,-1,sheet27,altitudeMo,-1,-1,sheet28,altitudeMo,-1,-1,sheet29,altitudeMo,-1,-1;tessellate "tessellate" true true false 10 Long 0 10 ,First,#,sheet30,tessellate,-1,-1,sheet31,tessellate,-1,-1,sheet32,tessellate,-1,-1,sheet33,tessellate,-1,-1,sheet19,tessellate,-1,-1,sheet20,tessellate,-1,-1,sheet21,tessellate,-1,-1,sheet22,tessellate,-1,-1,sheet23,tessellate,-1,-1,sheet24,tessellate,-1,-1,sheet25,tessellate,-1,-1,sheet26,tessellate,-1,-1,sheet27,tessellate,-1,-1,sheet28,tessellate,-1,-1,sheet29,tessellate,-1,-1;extrude "extrude" true true false 10 Long 0 10 ,First,#,sheet30,extrude,-1,-1,sheet31,extrude,-1,-1,sheet32,extrude,-1,-1,sheet33,extrude,-1,-1,sheet19,extrude,-1,-1,sheet20,extrude,-1,-1,sheet21,extrude,-1,-1,sheet22,extrude,-1,-1,sheet23,extrude,-1,-1,sheet24,extrude,-1,-1,sheet25,extrude,-1,-1,sheet26,extrude,-1,-1,sheet27,extrude,-1,-1,sheet28,extrude,-1,-1,sheet29,extrude,-1,-1;visibility "visibility" true true false 10 Long 0 10 ,First,#,sheet30,visibility,-1,-1,sheet31,visibility,-1,-1,sheet32,visibility,-1,-1,sheet33,visibility,-1,-1,sheet19,visibility,-1,-1,sheet20,visibility,-1,-1,sheet21,visibility,-1,-1,sheet22,visibility,-1,-1,sheet23,visibility,-1,-1,sheet24,visibility,-1,-1,sheet25,visibility,-1,-1,sheet26,visibility,-1,-1,sheet27,visibility,-1,-1,sheet28,visibility,-1,-1,sheet29,visibility,-1,-1;drawOrder "drawOrder" true true false 10 Long 0 10 ,First,#,sheet30,drawOrder,-1,-1,sheet31,drawOrder,-1,-1,sheet32,drawOrder,-1,-1,sheet33,drawOrder,-1,-1,sheet19,drawOrder,-1,-1,sheet20,drawOrder,-1,-1,sheet21,drawOrder,-1,-1,sheet22,drawOrder,-1,-1,sheet23,drawOrder,-1,-1,sheet24,drawOrder,-1,-1,sheet25,drawOrder,-1,-1,sheet26,drawOrder,-1,-1,sheet27,drawOrder,-1,-1,sheet28,drawOrder,-1,-1,sheet29,drawOrder,-1,-1;icon "icon" true true false 254 Text 0 0 ,First,#,sheet30,icon,-1,-1,sheet31,icon,-1,-1,sheet32,icon,-1,-1,sheet33,icon,-1,-1,sheet19,icon,-1,-1,sheet20,icon,-1,-1,sheet21,icon,-1,-1,sheet22,icon,-1,-1,sheet23,icon,-1,-1,sheet24,icon,-1,-1,sheet25,icon,-1,-1,sheet26,icon,-1,-1,sheet27,icon,-1,-1,sheet28,icon,-1,-1,sheet29,icon,-1,-1;voter_id_o "voter_id_o" true true false 10 Long 0 10 ,First,#,sheet30,voter_id_o,-1,-1,sheet31,voter_id_o,-1,-1,sheet32,voter_id_o,-1,-1,sheet33,voter_id_o,-1,-1,sheet19,voter_id_o,-1,-1,sheet20,voter_id_o,-1,-1,sheet21,voter_id_o,-1,-1,sheet22,voter_id_o,-1,-1,sheet23,voter_id_o,-1,-1,sheet24,voter_id_o,-1,-1,sheet25,voter_id_o,-1,-1,sheet26,voter_id_o,-1,-1,sheet27,voter_id_o,-1,-1,sheet28,voter_id_o,-1,-1,sheet29,voter_id_o,-1,-1;state_id "state_id" true true false 254 Text 0 0 ,First,#,sheet30,state_id,-1,-1,sheet31,state_id,-1,-1,sheet32,state_id,-1,-1,sheet33,state_id,-1,-1,sheet19,state_id,-1,-1,sheet20,state_id,-1,-1,sheet21,state_id,-1,-1,sheet22,state_id,-1,-1,sheet23,state_id,-1,-1,sheet24,state_id,-1,-1,sheet25,state_id,-1,-1,sheet26,state_id,-1,-1,sheet27,state_id,-1,-1,sheet28,state_id,-1,-1,sheet29,state_id,-1,-1;city "city" true true false 254 Text 0 0 ,First,#,sheet30,city,-1,-1,sheet31,city,-1,-1,sheet32,city,-1,-1,sheet33,city,-1,-1,sheet19,city,-1,-1,sheet20,city,-1,-1,sheet21,city,-1,-1,sheet22,city,-1,-1,sheet23,city,-1,-1,sheet24,city,-1,-1,sheet25,city,-1,-1,sheet26,city,-1,-1,sheet27,city,-1,-1,sheet28,city,-1,-1,sheet29,city,-1,-1;ward "ward" true true false 10 Long 0 10 ,First,#,sheet30,ward,-1,-1,sheet31,ward,-1,-1,sheet32,ward,-1,-1,sheet33,ward,-1,-1,sheet19,ward,-1,-1,sheet20,ward,-1,-1,sheet21,ward,-1,-1,sheet22,ward,-1,-1,sheet23,ward,-1,-1,sheet24,ward,-1,-1,sheet25,ward,-1,-1,sheet26,ward,-1,-1,sheet27,ward,-1,-1,sheet28,ward,-1,-1,sheet29,ward,-1,-1;pct "pct" true true false 254 Text 0 0 ,First,#,sheet30,pct,-1,-1,sheet31,pct,-1,-1,sheet32,pct,-1,-1,sheet33,pct,-1,-1,sheet19,pct,-1,-1,sheet20,pct,-1,-1,sheet21,pct,-1,-1,sheet22,pct,-1,-1,sheet23,pct,-1,-1,sheet24,pct,-1,-1,sheet25,pct,-1,-1,sheet26,pct,-1,-1,sheet27,pct,-1,-1,sheet28,pct,-1,-1,sheet29,pct,-1,-1;name_last "name_last" true true false 254 Text 0 0 ,First,#,sheet30,name_last,-1,-1,sheet31,name_last,-1,-1,sheet32,name_last,-1,-1,sheet33,name_last,-1,-1,sheet19,name_last,-1,-1,sheet20,name_last,-1,-1,sheet21,name_last,-1,-1,sheet22,name_last,-1,-1,sheet23,name_last,-1,-1,sheet24,name_last,-1,-1,sheet25,name_last,-1,-1,sheet26,name_last,-1,-1,sheet27,name_last,-1,-1,sheet28,name_last,-1,-1,sheet29,name_last,-1,-1;name_first "name_first" true true false 254 Text 0 0 ,First,#,sheet30,name_first,-1,-1,sheet31,name_first,-1,-1,sheet32,name_first,-1,-1,sheet33,name_first,-1,-1,sheet19,name_first,-1,-1,sheet20,name_first,-1,-1,sheet21,name_first,-1,-1,sheet22,name_first,-1,-1,sheet23,name_first,-1,-1,sheet24,name_first,-1,-1,sheet25,name_first,-1,-1,sheet26,name_first,-1,-1,sheet27,name_first,-1,-1,sheet28,name_first,-1,-1,sheet29,name_first,-1,-1;name_middl "name_middl" true true false 254 Text 0 0 ,First,#,sheet30,name_middl,-1,-1,sheet31,name_middl,-1,-1,sheet32,name_middl,-1,-1,sheet33,name_middl,-1,-1,sheet19,name_middl,-1,-1,sheet20,name_middl,-1,-1,sheet21,name_middl,-1,-1,sheet22,name_middl,-1,-1,sheet23,name_middl,-1,-1,sheet24,name_middl,-1,-1,sheet25,name_middl,-1,-1,sheet26,name_middl,-1,-1,sheet27,name_middl,-1,-1,sheet28,name_middl,-1,-1,sheet29,name_middl,-1,-1;name_suffi "name_suffi" true true false 50 Text 0 10 ,First,#,sheet30,name_suffi,-1,-1,sheet31,name_suffi,-1,-1,sheet32,name_suffi,-1,-1,sheet33,name_suffi,-1,-1,sheet19,name_suffi,-1,-1,sheet20,name_suffi,-1,-1,sheet21,name_suffi,-1,-1,sheet22,name_suffi,-1,-1,sheet23,name_suffi,-1,-1,sheet24,name_suffi,-1,-1,sheet25,name_suffi,-1,-1,sheet26,name_suffi,-1,-1,sheet27,name_suffi,-1,-1,sheet28,name_suffi,-1,-1,sheet29,name_suffi,-1,-1;Status "Status" true true false 254 Text 0 0 ,First,#,sheet30,Status,-1,-1,sheet31,Status,-1,-1,sheet32,Status,-1,-1,sheet33,Status,-1,-1,sheet19,Status,-1,-1,sheet20,Status,-1,-1,sheet21,Status,-1,-1,sheet22,Status,-1,-1,sheet23,Status,-1,-1,sheet24,Status,-1,-1,sheet25,Status,-1,-1,sheet26,Status,-1,-1,sheet27,Status,-1,-1,sheet28,Status,-1,-1,sheet29,Status,-1,-1;party "party" true true false 254 Text 0 0 ,First,#,sheet30,party,-1,-1,sheet31,party,-1,-1,sheet32,party,-1,-1,sheet33,party,-1,-1,sheet19,party,-1,-1,sheet20,party,-1,-1,sheet21,party,-1,-1,sheet22,party,-1,-1,sheet23,party,-1,-1,sheet24,party,-1,-1,sheet25,party,-1,-1,sheet26,party,-1,-1,sheet27,party,-1,-1,sheet28,party,-1,-1,sheet29,party,-1,-1;Registrati "Registrati" true true false 254 Text 0 0 ,First,#,sheet30,Registrati,-1,-1,sheet31,Registrati,-1,-1,sheet32,Registrati,-1,-1,sheet33,Registrati,-1,-1,sheet19,Registrati,-1,-1,sheet20,Registrati,-1,-1,sheet21,Registrati,-1,-1,sheet22,Registrati,-1,-1,sheet23,Registrati,-1,-1,sheet24,Registrati,-1,-1,sheet25,Registrati,-1,-1,sheet26,Registrati,-1,-1,sheet27,Registrati,-1,-1,sheet28,Registrati,-1,-1,sheet29,Registrati,-1,-1;Last_Regis "Last_Regis" true true false 254 Text 0 0 ,First,#,sheet30,Last_Regis,-1,-1,sheet31,Last_Regis,-1,-1,sheet32,Last_Regis,-1,-1,sheet33,Last_Regis,-1,-1,sheet19,Last_Regis,-1,-1,sheet20,Last_Regis,-1,-1,sheet21,Last_Regis,-1,-1,sheet22,Last_Regis,-1,-1,sheet23,Last_Regis,-1,-1,sheet24,Last_Regis,-1,-1,sheet25,Last_Regis,-1,-1,sheet26,Last_Regis,-1,-1,sheet27,Last_Regis,-1,-1,sheet28,Last_Regis,-1,-1,sheet29,Last_Regis,-1,-1;house_no "house_no" true true false 10 Long 0 10 ,First,#,sheet30,house_no,-1,-1,sheet31,house_no,-1,-1,sheet32,house_no,-1,-1,sheet33,house_no,-1,-1,sheet19,house_no,-1,-1,sheet20,house_no,-1,-1,sheet21,house_no,-1,-1,sheet22,house_no,-1,-1,sheet23,house_no,-1,-1,sheet24,house_no,-1,-1,sheet25,house_no,-1,-1,sheet26,house_no,-1,-1,sheet27,house_no,-1,-1,sheet28,house_no,-1,-1,sheet29,house_no,-1,-1;pre_dir "pre_dir" true true false 50 Text 0 10 ,First,#,sheet30,pre_dir,-1,-1,sheet31,pre_dir,-1,-1,sheet32,pre_dir,-1,-1,sheet33,pre_dir,-1,-1,sheet19,pre_dir,-1,-1,sheet20,pre_dir,-1,-1,sheet21,pre_dir,-1,-1,sheet22,pre_dir,-1,-1,sheet23,pre_dir,-1,-1,sheet24,pre_dir,-1,-1,sheet25,pre_dir,-1,-1,sheet26,pre_dir,-1,-1,sheet27,pre_dir,-1,-1,sheet28,pre_dir,-1,-1,sheet29,pre_dir,-1,-1;street "street" true true false 254 Text 0 0 ,First,#,sheet30,street,-1,-1,sheet31,street,-1,-1,sheet32,street,-1,-1,sheet33,street,-1,-1,sheet19,street,-1,-1,sheet20,street,-1,-1,sheet21,street,-1,-1,sheet22,street,-1,-1,sheet23,street,-1,-1,sheet24,street,-1,-1,sheet25,street,-1,-1,sheet26,street,-1,-1,sheet27,street,-1,-1,sheet28,street,-1,-1,sheet29,street,-1,-1;apartment "apartment" true true false 254 Text 0 0 ,First,#,sheet30,apartment,-1,-1,sheet31,apartment,-1,-1,sheet32,apartment,-1,-1,sheet33,apartment,-1,-1,sheet19,apartment,-1,-1,sheet20,apartment,-1,-1,sheet21,apartment,-1,-1,sheet22,apartment,-1,-1,sheet23,apartment,-1,-1,sheet24,apartment,-1,-1,sheet25,apartment,-1,-1,sheet26,apartment,-1,-1,sheet27,apartment,-1,-1,sheet28,apartment,-1,-1,sheet29,apartment,-1,-1;Street_Goo "Street_Goo" true true false 254 Text 0 0 ,First,#,sheet30,Street_Goo,-1,-1,sheet31,Street_Goo,-1,-1,sheet32,Street_Goo,-1,-1,sheet33,Street_Goo,-1,-1,sheet19,Street_Goo,-1,-1,sheet20,Street_Goo,-1,-1,sheet21,Street_Goo,-1,-1,sheet22,Street_Goo,-1,-1,sheet23,Street_Goo,-1,-1,sheet24,Street_Goo,-1,-1,sheet25,Street_Goo,-1,-1,sheet26,Street_Goo,-1,-1,sheet27,Street_Goo,-1,-1,sheet28,Street_Goo,-1,-1,sheet29,Street_Goo,-1,-1;City_Good "City_Good" true true false 254 Text 0 0 ,First,#,sheet30,City_Good,-1,-1,sheet31,City_Good,-1,-1,sheet32,City_Good,-1,-1,sheet33,City_Good,-1,-1,sheet19,City_Good,-1,-1,sheet20,City_Good,-1,-1,sheet21,City_Good,-1,-1,sheet22,City_Good,-1,-1,sheet23,City_Good,-1,-1,sheet24,City_Good,-1,-1,sheet25,City_Good,-1,-1,sheet26,City_Good,-1,-1,sheet27,City_Good,-1,-1,sheet28,City_Good,-1,-1,sheet29,City_Good,-1,-1;State "State" true true false 254 Text 0 0 ,First,#,sheet30,State,-1,-1,sheet31,State,-1,-1,sheet32,State,-1,-1,sheet33,State,-1,-1,sheet19,State,-1,-1,sheet20,State,-1,-1,sheet21,State,-1,-1,sheet22,State,-1,-1,sheet23,State,-1,-1,sheet24,State,-1,-1,sheet25,State,-1,-1,sheet26,State,-1,-1,sheet27,State,-1,-1,sheet28,State,-1,-1,sheet29,State,-1,-1;Zip "Zip" true true false 254 Text 0 0 ,First,#,sheet30,Zip,-1,-1,sheet31,Zip,-1,-1,sheet32,Zip,-1,-1,sheet33,Zip,-1,-1,sheet19,Zip,-1,-1,sheet20,Zip,-1,-1,sheet21,Zip,-1,-1,sheet22,Zip,-1,-1,sheet23,Zip,-1,-1,sheet24,Zip,-1,-1,sheet25,Zip,-1,-1,sheet26,Zip,-1,-1,sheet27,Zip,-1,-1,sheet28,Zip,-1,-1,sheet29,Zip,-1,-1;birth_date "birth_date" true true false 10 Long 0 10 ,First,#,sheet30,birth_date,-1,-1,sheet31,birth_date,-1,-1,sheet32,birth_date,-1,-1,sheet33,birth_date,-1,-1,sheet19,birth_date,-1,-1,sheet20,birth_date,-1,-1,sheet21,birth_date,-1,-1,sheet22,birth_date,-1,-1,sheet23,birth_date,-1,-1,sheet24,birth_date,-1,-1,sheet25,birth_date,-1,-1,sheet26,birth_date,-1,-1,sheet27,birth_date,-1,-1,sheet28,birth_date,-1,-1,sheet29,birth_date,-1,-1;voter_id "voter_id" true true false 10 Long 0 10 ,First,#,sheet30,voter_id,-1,-1,sheet31,voter_id,-1,-1,sheet32,voter_id,-1,-1,sheet33,voter_id,-1,-1,sheet19,voter_id,-1,-1,sheet20,voter_id,-1,-1,sheet21,voter_id,-1,-1,sheet22,voter_id,-1,-1,sheet23,voter_id,-1,-1,sheet24,voter_id,-1,-1,sheet25,voter_id,-1,-1,sheet26,voter_id,-1,-1,sheet27,voter_id,-1,-1,sheet28,voter_id,-1,-1,sheet29,voter_id,-1,-1;source "source" true true false 254 Text 0 0 ,First,#,sheet30,source,-1,-1,sheet31,source,-1,-1,sheet32,source,-1,-1,sheet33,source,-1,-1,sheet19,source,-1,-1,sheet20,source,-1,-1,sheet21,source,-1,-1,sheet22,source,-1,-1,sheet23,source,-1,-1,sheet24,source,-1,-1,sheet25,source,-1,-1,sheet26,source,-1,-1,sheet27,source,-1,-1,sheet28,source,-1,-1,sheet29,source,-1,-1;S_12_06_20 "S_12_06_20" true true false 10 Long 0 10 ,First,#,sheet30,S_12_06_20,-1,-1,sheet31,S_12_06_20,-1,-1,sheet32,S_12_06_20,-1,-1,sheet33,S_12_06_20,-1,-1,sheet19,S_12_06_20,-1,-1,sheet20,S_12_06_20,-1,-1,sheet21,S_12_06_20,-1,-1,sheet22,S_12_06_20,-1,-1,sheet23,S_12_06_20,-1,-1,sheet24,S_12_06_20,-1,-1,sheet25,S_12_06_20,-1,-1,sheet26,S_12_06_20,-1,-1,sheet27,S_12_06_20,-1,-1,sheet28,S_12_06_20,-1,-1,sheet29,S_12_06_20,-1,-1;G_11_08_20 "G_11_08_20" true true false 254 Text 0 0 ,First,#,sheet30,G_11_08_20,-1,-1,sheet31,G_11_08_20,-1,-1,sheet32,G_11_08_20,-1,-1,sheet33,G_11_08_20,-1,-1,sheet19,G_11_08_20,-1,-1,sheet20,G_11_08_20,-1,-1,sheet21,G_11_08_20,-1,-1,sheet22,G_11_08_20,-1,-1,sheet23,G_11_08_20,-1,-1,sheet24,G_11_08_20,-1,-1,sheet25,G_11_08_20,-1,-1,sheet26,G_11_08_20,-1,-1,sheet27,G_11_08_20,-1,-1,sheet28,G_11_08_20,-1,-1,sheet29,G_11_08_20,-1,-1;S_08_02_20 "S_08_02_20" true true false 10 Long 0 10 ,First,#,sheet30,S_08_02_20,-1,-1,sheet31,S_08_02_20,-1,-1,sheet32,S_08_02_20,-1,-1,sheet33,S_08_02_20,-1,-1,sheet19,S_08_02_20,-1,-1,sheet20,S_08_02_20,-1,-1,sheet21,S_08_02_20,-1,-1,sheet22,S_08_02_20,-1,-1,sheet23,S_08_02_20,-1,-1,sheet24,S_08_02_20,-1,-1,sheet25,S_08_02_20,-1,-1,sheet26,S_08_02_20,-1,-1,sheet27,S_08_02_20,-1,-1,sheet28,S_08_02_20,-1,-1,sheet29,S_08_02_20,-1,-1;S_06_21_20 "S_06_21_20" true true false 10 Long 0 10 ,First,#,sheet30,S_06_21_20,-1,-1,sheet31,S_06_21_20,-1,-1,sheet32,S_06_21_20,-1,-1,sheet33,S_06_21_20,-1,-1,sheet19,S_06_21_20,-1,-1,sheet20,S_06_21_20,-1,-1,sheet21,S_06_21_20,-1,-1,sheet22,S_06_21_20,-1,-1,sheet23,S_06_21_20,-1,-1,sheet24,S_06_21_20,-1,-1,sheet25,S_06_21_20,-1,-1,sheet26,S_06_21_20,-1,-1,sheet27,S_06_21_20,-1,-1,sheet28,S_06_21_20,-1,-1,sheet29,S_06_21_20,-1,-1;P_03_15_20 "P_03_15_20" true true false 254 Text 0 0 ,First,#,sheet30,P_03_15_20,-1,-1,sheet31,P_03_15_20,-1,-1,sheet32,P_03_15_20,-1,-1,sheet33,P_03_15_20,-1,-1,sheet19,P_03_15_20,-1,-1,sheet20,P_03_15_20,-1,-1,sheet21,P_03_15_20,-1,-1,sheet22,P_03_15_20,-1,-1,sheet23,P_03_15_20,-1,-1,sheet24,P_03_15_20,-1,-1,sheet25,P_03_15_20,-1,-1,sheet26,P_03_15_20,-1,-1,sheet27,P_03_15_20,-1,-1,sheet28,P_03_15_20,-1,-1,sheet29,P_03_15_20,-1,-1;S_12_08_20 "S_12_08_20" true true false 10 Long 0 10 ,First,#,sheet30,S_12_08_20,-1,-1,sheet31,S_12_08_20,-1,-1,sheet32,S_12_08_20,-1,-1,sheet33,S_12_08_20,-1,-1,sheet19,S_12_08_20,-1,-1,sheet20,S_12_08_20,-1,-1,sheet21,S_12_08_20,-1,-1,sheet22,S_12_08_20,-1,-1,sheet23,S_12_08_20,-1,-1,sheet24,S_12_08_20,-1,-1,sheet25,S_12_08_20,-1,-1,sheet26,S_12_08_20,-1,-1,sheet27,S_12_08_20,-1,-1,sheet28,S_12_08_20,-1,-1,sheet29,S_12_08_20,-1,-1;G_11_03_20 "G_11_03_20" true true false 254 Text 0 0 ,First,#,sheet30,G_11_03_20,-1,-1,sheet31,G_11_03_20,-1,-1,sheet32,G_11_03_20,-1,-1,sheet33,G_11_03_20,-1,-1,sheet19,G_11_03_20,-1,-1,sheet20,G_11_03_20,-1,-1,sheet21,G_11_03_20,-1,-1,sheet22,G_11_03_20,-1,-1,sheet23,G_11_03_20,-1,-1,sheet24,G_11_03_20,-1,-1,sheet25,G_11_03_20,-1,-1,sheet26,G_11_03_20,-1,-1,sheet27,G_11_03_20,-1,-1,sheet28,G_11_03_20,-1,-1,sheet29,G_11_03_20,-1,-1;P_09_08_20 "P_09_08_20" true true false 10 Long 0 10 ,First,#,sheet30,P_09_08_20,-1,-1,sheet31,P_09_08_20,-1,-1,sheet32,P_09_08_20,-1,-1,sheet33,P_09_08_20,-1,-1,sheet19,P_09_08_20,-1,-1,sheet20,P_09_08_20,-1,-1,sheet21,P_09_08_20,-1,-1,sheet22,P_09_08_20,-1,-1,sheet23,P_09_08_20,-1,-1,sheet24,P_09_08_20,-1,-1,sheet25,P_09_08_20,-1,-1,sheet26,P_09_08_20,-1,-1,sheet27,P_09_08_20,-1,-1,sheet28,P_09_08_20,-1,-1,sheet29,P_09_08_20,-1,-1;P_05_05_20 "P_05_05_20" true true false 50 Text 0 10 ,First,#,sheet30,P_05_05_20,-1,-1,sheet31,P_05_05_20,-1,-1,sheet32,P_05_05_20,-1,-1,sheet33,P_05_05_20,-1,-1,sheet19,P_05_05_20,-1,-1,sheet20,P_05_05_20,-1,-1,sheet21,P_05_05_20,-1,-1,sheet22,P_05_05_20,-1,-1,sheet23,P_05_05_20,-1,-1,sheet24,P_05_05_20,-1,-1,sheet25,P_05_05_20,-1,-1,sheet26,P_05_05_20,-1,-1,sheet27,P_05_05_20,-1,-1,sheet28,P_05_05_20,-1,-1,sheet29,P_05_05_20,-1,-1;S_02_03_20 "S_02_03_20" true true false 10 Long 0 10 ,First,#,sheet30,S_02_03_20,-1,-1,sheet31,S_02_03_20,-1,-1,sheet32,S_02_03_20,-1,-1,sheet33,S_02_03_20,-1,-1,sheet19,S_02_03_20,-1,-1,sheet20,S_02_03_20,-1,-1,sheet21,S_02_03_20,-1,-1,sheet22,S_02_03_20,-1,-1,sheet23,S_02_03_20,-1,-1,sheet24,S_02_03_20,-1,-1,sheet25,S_02_03_20,-1,-1,sheet26,S_02_03_20,-1,-1,sheet27,S_02_03_20,-1,-1,sheet28,S_02_03_20,-1,-1,sheet29,S_02_03_20,-1,-1;G_11_04_20 "G_11_04_20" true true false 254 Text 0 0 ,First,#,sheet30,G_11_04_20,-1,-1,sheet31,G_11_04_20,-1,-1,sheet32,G_11_04_20,-1,-1,sheet33,G_11_04_20,-1,-1,sheet19,G_11_04_20,-1,-1,sheet20,G_11_04_20,-1,-1,sheet21,G_11_04_20,-1,-1,sheet22,G_11_04_20,-1,-1,sheet23,G_11_04_20,-1,-1,sheet24,G_11_04_20,-1,-1,sheet25,G_11_04_20,-1,-1,sheet26,G_11_04_20,-1,-1,sheet27,G_11_04_20,-1,-1,sheet28,G_11_04_20,-1,-1,sheet29,G_11_04_20,-1,-1;S_08_05_20 "S_08_05_20" true true false 10 Long 0 10 ,First,#,sheet30,S_08_05_20,-1,-1,sheet31,S_08_05_20,-1,-1,sheet32,S_08_05_20,-1,-1,sheet33,S_08_05_20,-1,-1,sheet19,S_08_05_20,-1,-1,sheet20,S_08_05_20,-1,-1,sheet21,S_08_05_20,-1,-1,sheet22,S_08_05_20,-1,-1,sheet23,S_08_05_20,-1,-1,sheet24,S_08_05_20,-1,-1,sheet25,S_08_05_20,-1,-1,sheet26,S_08_05_20,-1,-1,sheet27,S_08_05_20,-1,-1,sheet28,S_08_05_20,-1,-1,sheet29,S_08_05_20,-1,-1;P_05_06_20 "P_05_06_20" true true false 254 Text 0 0 ,First,#,sheet30,P_05_06_20,-1,-1,sheet31,P_05_06_20,-1,-1,sheet32,P_05_06_20,-1,-1,sheet33,P_05_06_20,-1,-1,sheet19,P_05_06_20,-1,-1,sheet20,P_05_06_20,-1,-1,sheet21,P_05_06_20,-1,-1,sheet22,P_05_06_20,-1,-1,sheet23,P_05_06_20,-1,-1,sheet24,P_05_06_20,-1,-1,sheet25,P_05_06_20,-1,-1,sheet26,P_05_06_20,-1,-1,sheet27,P_05_06_20,-1,-1,sheet28,P_05_06_20,-1,-1,sheet29,P_05_06_20,-1,-1;G_11_05_20 "G_11_05_20" true true false 254 Text 0 0 ,First,#,sheet30,G_11_05_20,-1,-1,sheet31,G_11_05_20,-1,-1,sheet32,G_11_05_20,-1,-1,sheet33,G_11_05_20,-1,-1,sheet19,G_11_05_20,-1,-1,sheet20,G_11_05_20,-1,-1,sheet21,G_11_05_20,-1,-1,sheet22,G_11_05_20,-1,-1,sheet23,G_11_05_20,-1,-1,sheet24,G_11_05_20,-1,-1,sheet25,G_11_05_20,-1,-1,sheet26,G_11_05_20,-1,-1,sheet27,G_11_05_20,-1,-1,sheet28,G_11_05_20,-1,-1,sheet29,G_11_05_20,-1,-1;P_10_01_20 "P_10_01_20" true true false 10 Long 0 10 ,First,#,sheet30,P_10_01_20,-1,-1,sheet31,P_10_01_20,-1,-1,sheet32,P_10_01_20,-1,-1,sheet33,P_10_01_20,-1,-1,sheet19,P_10_01_20,-1,-1,sheet20,P_10_01_20,-1,-1,sheet21,P_10_01_20,-1,-1,sheet22,P_10_01_20,-1,-1,sheet23,P_10_01_20,-1,-1,sheet24,P_10_01_20,-1,-1,sheet25,P_10_01_20,-1,-1,sheet26,P_10_01_20,-1,-1,sheet27,P_10_01_20,-1,-1,sheet28,P_10_01_20,-1,-1,sheet29,P_10_01_20,-1,-1;P_09_10_20 "P_09_10_20" true true false 10 Long 0 10 ,First,#,sheet30,P_09_10_20,-1,-1,sheet31,P_09_10_20,-1,-1,sheet32,P_09_10_20,-1,-1,sheet33,P_09_10_20,-1,-1,sheet19,P_09_10_20,-1,-1,sheet20,P_09_10_20,-1,-1,sheet21,P_09_10_20,-1,-1,sheet22,P_09_10_20,-1,-1,sheet23,P_09_10_20,-1,-1,sheet24,P_09_10_20,-1,-1,sheet25,P_09_10_20,-1,-1,sheet26,P_09_10_20,-1,-1,sheet27,P_09_10_20,-1,-1,sheet28,P_09_10_20,-1,-1,sheet29,P_09_10_20,-1,-1;S_08_06_20 "S_08_06_20" true true false 10 Long 0 10 ,First,#,sheet30,S_08_06_20,-1,-1,sheet31,S_08_06_20,-1,-1,sheet32,S_08_06_20,-1,-1,sheet33,S_08_06_20,-1,-1,sheet19,S_08_06_20,-1,-1,sheet20,S_08_06_20,-1,-1,sheet21,S_08_06_20,-1,-1,sheet22,S_08_06_20,-1,-1,sheet23,S_08_06_20,-1,-1,sheet24,S_08_06_20,-1,-1,sheet25,S_08_06_20,-1,-1,sheet26,S_08_06_20,-1,-1,sheet27,S_08_06_20,-1,-1,sheet28,S_08_06_20,-1,-1,sheet29,S_08_06_20,-1,-1;P_05_07_20 "P_05_07_20" true true false 10 Long 0 10 ,First,#,sheet30,P_05_07_20,-1,-1,sheet31,P_05_07_20,-1,-1,sheet32,P_05_07_20,-1,-1,sheet33,P_05_07_20,-1,-1,sheet19,P_05_07_20,-1,-1,sheet20,P_05_07_20,-1,-1,sheet21,P_05_07_20,-1,-1,sheet22,P_05_07_20,-1,-1,sheet23,P_05_07_20,-1,-1,sheet24,P_05_07_20,-1,-1,sheet25,P_05_07_20,-1,-1,sheet26,P_05_07_20,-1,-1,sheet27,P_05_07_20,-1,-1,sheet28,P_05_07_20,-1,-1,sheet29,P_05_07_20,-1,-1;G_11_06_20 "G_11_06_20" true true false 254 Text 0 0 ,First,#,sheet30,G_11_06_20,-1,-1,sheet31,G_11_06_20,-1,-1,sheet32,G_11_06_20,-1,-1,sheet33,G_11_06_20,-1,-1,sheet19,G_11_06_20,-1,-1,sheet20,G_11_06_20,-1,-1,sheet21,G_11_06_20,-1,-1,sheet22,G_11_06_20,-1,-1,sheet23,G_11_06_20,-1,-1,sheet24,G_11_06_20,-1,-1,sheet25,G_11_06_20,-1,-1,sheet26,G_11_06_20,-1,-1,sheet27,G_11_06_20,-1,-1,sheet28,G_11_06_20,-1,-1,sheet29,G_11_06_20,-1,-1;S_08_07_20 "S_08_07_20" true true false 10 Long 0 10 ,First,#,sheet30,S_08_07_20,-1,-1,sheet31,S_08_07_20,-1,-1,sheet32,S_08_07_20,-1,-1,sheet33,S_08_07_20,-1,-1,sheet19,S_08_07_20,-1,-1,sheet20,S_08_07_20,-1,-1,sheet21,S_08_07_20,-1,-1,sheet22,S_08_07_20,-1,-1,sheet23,S_08_07_20,-1,-1,sheet24,S_08_07_20,-1,-1,sheet25,S_08_07_20,-1,-1,sheet26,S_08_07_20,-1,-1,sheet27,S_08_07_20,-1,-1,sheet28,S_08_07_20,-1,-1,sheet29,S_08_07_20,-1,-1;P_03_06_20 "P_03_06_20" true true false 254 Text 0 0 ,First,#,sheet30,P_03_06_20,-1,-1,sheet31,P_03_06_20,-1,-1,sheet32,P_03_06_20,-1,-1,sheet33,P_03_06_20,-1,-1,sheet19,P_03_06_20,-1,-1,sheet20,P_03_06_20,-1,-1,sheet21,P_03_06_20,-1,-1,sheet22,P_03_06_20,-1,-1,sheet23,P_03_06_20,-1,-1,sheet24,P_03_06_20,-1,-1,sheet25,P_03_06_20,-1,-1,sheet26,P_03_06_20,-1,-1,sheet27,P_03_06_20,-1,-1,sheet28,P_03_06_20,-1,-1,sheet29,P_03_06_20,-1,-1;G_11_08__1 "G_11_08__1" true true false 254 Text 0 0 ,First,#,sheet30,G_11_08__1,-1,-1,sheet31,G_11_08__1,-1,-1,sheet32,G_11_08__1,-1,-1,sheet33,G_11_08__1,-1,-1,sheet19,G_11_08__1,-1,-1,sheet20,G_11_08__1,-1,-1,sheet21,G_11_08__1,-1,-1,sheet22,G_11_08__1,-1,-1,sheet23,G_11_08__1,-1,-1,sheet24,G_11_08__1,-1,-1,sheet25,G_11_08__1,-1,-1,sheet26,G_11_08__1,-1,-1,sheet27,G_11_08__1,-1,-1,sheet28,G_11_08__1,-1,-1,sheet29,G_11_08__1,-1,-1;P_09_13_20 "P_09_13_20" true true false 10 Long 0 10 ,First,#,sheet30,P_09_13_20,-1,-1,sheet31,P_09_13_20,-1,-1,sheet32,P_09_13_20,-1,-1,sheet33,P_09_13_20,-1,-1,sheet19,P_09_13_20,-1,-1,sheet20,P_09_13_20,-1,-1,sheet21,P_09_13_20,-1,-1,sheet22,P_09_13_20,-1,-1,sheet23,P_09_13_20,-1,-1,sheet24,P_09_13_20,-1,-1,sheet25,P_09_13_20,-1,-1,sheet26,P_09_13_20,-1,-1,sheet27,P_09_13_20,-1,-1,sheet28,P_09_13_20,-1,-1,sheet29,P_09_13_20,-1,-1;S_08_02__1 "S_08_02__1" true true false 10 Long 0 10 ,First,#,sheet30,S_08_02__1,-1,-1,sheet31,S_08_02__1,-1,-1,sheet32,S_08_02__1,-1,-1,sheet33,S_08_02__1,-1,-1,sheet19,S_08_02__1,-1,-1,sheet20,S_08_02__1,-1,-1,sheet21,S_08_02__1,-1,-1,sheet22,S_08_02__1,-1,-1,sheet23,S_08_02__1,-1,-1,sheet24,S_08_02__1,-1,-1,sheet25,S_08_02__1,-1,-1,sheet26,S_08_02__1,-1,-1,sheet27,S_08_02__1,-1,-1,sheet28,S_08_02__1,-1,-1,sheet29,S_08_02__1,-1,-1;P_05_03_20 "P_05_03_20" true true false 10 Long 0 10 ,First,#,sheet30,P_05_03_20,-1,-1,sheet31,P_05_03_20,-1,-1,sheet32,P_05_03_20,-1,-1,sheet33,P_05_03_20,-1,-1,sheet19,P_05_03_20,-1,-1,sheet20,P_05_03_20,-1,-1,sheet21,P_05_03_20,-1,-1,sheet22,P_05_03_20,-1,-1,sheet23,P_05_03_20,-1,-1,sheet24,P_05_03_20,-1,-1,sheet25,P_05_03_20,-1,-1,sheet26,P_05_03_20,-1,-1,sheet27,P_05_03_20,-1,-1,sheet28,P_05_03_20,-1,-1,sheet29,P_05_03_20,-1,-1;S_02_08_20 "S_02_08_20" true true false 10 Long 0 10 ,First,#,sheet30,S_02_08_20,-1,-1,sheet31,S_02_08_20,-1,-1,sheet32,S_02_08_20,-1,-1,sheet33,S_02_08_20,-1,-1,sheet19,S_02_08_20,-1,-1,sheet20,S_02_08_20,-1,-1,sheet21,S_02_08_20,-1,-1,sheet22,S_02_08_20,-1,-1,sheet23,S_02_08_20,-1,-1,sheet24,S_02_08_20,-1,-1,sheet25,S_02_08_20,-1,-1,sheet26,S_02_08_20,-1,-1,sheet27,S_02_08_20,-1,-1,sheet28,S_02_08_20,-1,-1,sheet29,S_02_08_20,-1,-1;G_11_02_20 "G_11_02_20" true true false 254 Text 0 0 ,First,#,sheet30,G_11_02_20,-1,-1,sheet31,G_11_02_20,-1,-1,sheet32,G_11_02_20,-1,-1,sheet33,G_11_02_20,-1,-1,sheet19,G_11_02_20,-1,-1,sheet20,G_11_02_20,-1,-1,sheet21,G_11_02_20,-1,-1,sheet22,G_11_02_20,-1,-1,sheet23,G_11_02_20,-1,-1,sheet24,G_11_02_20,-1,-1,sheet25,G_11_02_20,-1,-1,sheet26,G_11_02_20,-1,-1,sheet27,G_11_02_20,-1,-1,sheet28,G_11_02_20,-1,-1,sheet29,G_11_02_20,-1,-1;P_09_07_20 "P_09_07_20" true true false 254 Text 0 0 ,First,#,sheet30,P_09_07_20,-1,-1,sheet31,P_09_07_20,-1,-1,sheet32,P_09_07_20,-1,-1,sheet33,P_09_07_20,-1,-1,sheet19,P_09_07_20,-1,-1,sheet20,P_09_07_20,-1,-1,sheet21,P_09_07_20,-1,-1,sheet22,P_09_07_20,-1,-1,sheet23,P_09_07_20,-1,-1,sheet24,P_09_07_20,-1,-1,sheet25,P_09_07_20,-1,-1,sheet26,P_09_07_20,-1,-1,sheet27,P_09_07_20,-1,-1,sheet28,P_09_07_20,-1,-1,sheet29,P_09_07_20,-1,-1;S_08_03_20 "S_08_03_20" true true false 10 Long 0 10 ,First,#,sheet30,S_08_03_20,-1,-1,sheet31,S_08_03_20,-1,-1,sheet32,S_08_03_20,-1,-1,sheet33,S_08_03_20,-1,-1,sheet19,S_08_03_20,-1,-1,sheet20,S_08_03_20,-1,-1,sheet21,S_08_03_20,-1,-1,sheet22,S_08_03_20,-1,-1,sheet23,S_08_03_20,-1,-1,sheet24,S_08_03_20,-1,-1,sheet25,S_08_03_20,-1,-1,sheet26,S_08_03_20,-1,-1,sheet27,S_08_03_20,-1,-1,sheet28,S_08_03_20,-1,-1,sheet29,S_08_03_20,-1,-1;P_05_04_20 "P_05_04_20" true true false 254 Text 0 0 ,First,#,sheet30,P_05_04_20,-1,-1,sheet31,P_05_04_20,-1,-1,sheet32,P_05_04_20,-1,-1,sheet33,P_05_04_20,-1,-1,sheet19,P_05_04_20,-1,-1,sheet20,P_05_04_20,-1,-1,sheet21,P_05_04_20,-1,-1,sheet22,P_05_04_20,-1,-1,sheet23,P_05_04_20,-1,-1,sheet24,P_05_04_20,-1,-1,sheet25,P_05_04_20,-1,-1,sheet26,P_05_04_20,-1,-1,sheet27,P_05_04_20,-1,-1,sheet28,P_05_04_20,-1,-1,sheet29,P_05_04_20,-1,-1;G_11_03__1 "G_11_03__1" true true false 254 Text 0 0 ,First,#,sheet30,G_11_03__1,-1,-1,sheet31,G_11_03__1,-1,-1,sheet32,G_11_03__1,-1,-1,sheet33,G_11_03__1,-1,-1,sheet19,G_11_03__1,-1,-1,sheet20,G_11_03__1,-1,-1,sheet21,G_11_03__1,-1,-1,sheet22,G_11_03__1,-1,-1,sheet23,G_11_03__1,-1,-1,sheet24,G_11_03__1,-1,-1,sheet25,G_11_03__1,-1,-1,sheet26,G_11_03__1,-1,-1,sheet27,G_11_03__1,-1,-1,sheet28,G_11_03__1,-1,-1,sheet29,G_11_03__1,-1,-1;P_09_29_20 "P_09_29_20" true true false 50 Text 0 10 ,First,#,sheet30,P_09_29_20,-1,-1,sheet31,P_09_29_20,-1,-1,sheet32,P_09_29_20,-1,-1,sheet33,P_09_29_20,-1,-1,sheet19,P_09_29_20,-1,-1,sheet20,P_09_29_20,-1,-1,sheet21,P_09_29_20,-1,-1,sheet22,P_09_29_20,-1,-1,sheet23,P_09_29_20,-1,-1,sheet24,P_09_29_20,-1,-1,sheet25,P_09_29_20,-1,-1,sheet26,P_09_29_20,-1,-1,sheet27,P_09_29_20,-1,-1,sheet28,P_09_29_20,-1,-1,sheet29,P_09_29_20,-1,-1;P_09_08__1 "P_09_08__1" true true false 50 Text 0 10 ,First,#,sheet30,P_09_08__1,-1,-1,sheet31,P_09_08__1,-1,-1,sheet32,P_09_08__1,-1,-1,sheet33,P_09_08__1,-1,-1,sheet19,P_09_08__1,-1,-1,sheet20,P_09_08__1,-1,-1,sheet21,P_09_08__1,-1,-1,sheet22,P_09_08__1,-1,-1,sheet23,P_09_08__1,-1,-1,sheet24,P_09_08__1,-1,-1,sheet25,P_09_08__1,-1,-1,sheet26,P_09_08__1,-1,-1,sheet27,P_09_08__1,-1,-1,sheet28,P_09_08__1,-1,-1,sheet29,P_09_08__1,-1,-1;S_08_04_20 "S_08_04_20" true true false 10 Long 0 10 ,First,#,sheet30,S_08_04_20,-1,-1,sheet31,S_08_04_20,-1,-1,sheet32,S_08_04_20,-1,-1,sheet33,S_08_04_20,-1,-1,sheet19,S_08_04_20,-1,-1,sheet20,S_08_04_20,-1,-1,sheet21,S_08_04_20,-1,-1,sheet22,S_08_04_20,-1,-1,sheet23,S_08_04_20,-1,-1,sheet24,S_08_04_20,-1,-1,sheet25,S_08_04_20,-1,-1,sheet26,S_08_04_20,-1,-1,sheet27,S_08_04_20,-1,-1,sheet28,S_08_04_20,-1,-1,sheet29,S_08_04_20,-1,-1;P_05_05__1 "P_05_05__1" true true false 10 Long 0 10 ,First,#,sheet30,P_05_05__1,-1,-1,sheet31,P_05_05__1,-1,-1,sheet32,P_05_05__1,-1,-1,sheet33,P_05_05__1,-1,-1,sheet19,P_05_05__1,-1,-1,sheet20,P_05_05__1,-1,-1,sheet21,P_05_05__1,-1,-1,sheet22,P_05_05__1,-1,-1,sheet23,P_05_05__1,-1,-1,sheet24,P_05_05__1,-1,-1,sheet25,P_05_05__1,-1,-1,sheet26,P_05_05__1,-1,-1,sheet27,P_05_05__1,-1,-1,sheet28,P_05_05__1,-1,-1,sheet29,P_05_05__1,-1,-1;S_02_03__1 "S_02_03__1" true true false 10 Long 0 10 ,First,#,sheet30,S_02_03__1,-1,-1,sheet31,S_02_03__1,-1,-1,sheet32,S_02_03__1,-1,-1,sheet33,S_02_03__1,-1,-1,sheet19,S_02_03__1,-1,-1,sheet20,S_02_03__1,-1,-1,sheet21,S_02_03__1,-1,-1,sheet22,S_02_03__1,-1,-1,sheet23,S_02_03__1,-1,-1,sheet24,S_02_03__1,-1,-1,sheet25,S_02_03__1,-1,-1,sheet26,S_02_03__1,-1,-1,sheet27,S_02_03__1,-1,-1,sheet28,S_02_03__1,-1,-1,sheet29,S_02_03__1,-1,-1;SG_12_23_2 "SG_12_23_2" true true false 10 Long 0 10 ,First,#,sheet30,SG_12_23_2,-1,-1,sheet31,SG_12_23_2,-1,-1,sheet32,SG_12_23_2,-1,-1,sheet33,SG_12_23_2,-1,-1,sheet19,SG_12_23_2,-1,-1,sheet20,SG_12_23_2,-1,-1,sheet21,SG_12_23_2,-1,-1,sheet22,SG_12_23_2,-1,-1,sheet23,SG_12_23_2,-1,-1,sheet24,SG_12_23_2,-1,-1,sheet25,SG_12_23_2,-1,-1,sheet26,SG_12_23_2,-1,-1,sheet27,SG_12_23_2,-1,-1,sheet28,SG_12_23_2,-1,-1,sheet29,SG_12_23_2,-1,-1;SG_11_18_2 "SG_11_18_2" true true false 50 Text 0 10 ,First,#,sheet30,SG_11_18_2,-1,-1,sheet31,SG_11_18_2,-1,-1,sheet32,SG_11_18_2,-1,-1,sheet33,SG_11_18_2,-1,-1,sheet19,SG_11_18_2,-1,-1,sheet20,SG_11_18_2,-1,-1,sheet21,SG_11_18_2,-1,-1,sheet22,SG_11_18_2,-1,-1,sheet23,SG_11_18_2,-1,-1,sheet24,SG_11_18_2,-1,-1,sheet25,SG_11_18_2,-1,-1,sheet26,SG_11_18_2,-1,-1,sheet27,SG_11_18_2,-1,-1,sheet28,SG_11_18_2,-1,-1,sheet29,SG_11_18_2,-1,-1;G_11_04__1 "G_11_04__1" true true false 254 Text 0 0 ,First,#,sheet30,G_11_04__1,-1,-1,sheet31,G_11_04__1,-1,-1,sheet32,G_11_04__1,-1,-1,sheet33,G_11_04__1,-1,-1,sheet19,G_11_04__1,-1,-1,sheet20,G_11_04__1,-1,-1,sheet21,G_11_04__1,-1,-1,sheet22,G_11_04__1,-1,-1,sheet23,G_11_04__1,-1,-1,sheet24,G_11_04__1,-1,-1,sheet25,G_11_04__1,-1,-1,sheet26,G_11_04__1,-1,-1,sheet27,G_11_04__1,-1,-1,sheet28,G_11_04__1,-1,-1,sheet29,G_11_04__1,-1,-1;SP_10_14_2 "SP_10_14_2" true true false 50 Text 0 10 ,First,#,sheet30,SP_10_14_2,-1,-1,sheet31,SP_10_14_2,-1,-1,sheet32,SP_10_14_2,-1,-1,sheet33,SP_10_14_2,-1,-1,sheet19,SP_10_14_2,-1,-1,sheet20,SP_10_14_2,-1,-1,sheet21,SP_10_14_2,-1,-1,sheet22,SP_10_14_2,-1,-1,sheet23,SP_10_14_2,-1,-1,sheet24,SP_10_14_2,-1,-1,sheet25,SP_10_14_2,-1,-1,sheet26,SP_10_14_2,-1,-1,sheet27,SP_10_14_2,-1,-1,sheet28,SP_10_14_2,-1,-1,sheet29,SP_10_14_2,-1,-1;S_08_05__1 "S_08_05__1" true true false 10 Long 0 10 ,First,#,sheet30,S_08_05__1,-1,-1,sheet31,S_08_05__1,-1,-1,sheet32,S_08_05__1,-1,-1,sheet33,S_08_05__1,-1,-1,sheet19,S_08_05__1,-1,-1,sheet20,S_08_05__1,-1,-1,sheet21,S_08_05__1,-1,-1,sheet22,S_08_05__1,-1,-1,sheet23,S_08_05__1,-1,-1,sheet24,S_08_05__1,-1,-1,sheet25,S_08_05__1,-1,-1,sheet26,S_08_05__1,-1,-1,sheet27,S_08_05__1,-1,-1,sheet28,S_08_05__1,-1,-1,sheet29,S_08_05__1,-1,-1;SG_04_22_2 "SG_04_22_2" true true false 10 Long 0 10 ,First,#,sheet30,SG_04_22_2,-1,-1,sheet31,SG_04_22_2,-1,-1,sheet32,SG_04_22_2,-1,-1,sheet33,SG_04_22_2,-1,-1,sheet19,SG_04_22_2,-1,-1,sheet20,SG_04_22_2,-1,-1,sheet21,SG_04_22_2,-1,-1,sheet22,SG_04_22_2,-1,-1,sheet23,SG_04_22_2,-1,-1,sheet24,SG_04_22_2,-1,-1,sheet25,SG_04_22_2,-1,-1,sheet26,SG_04_22_2,-1,-1,sheet27,SG_04_22_2,-1,-1,sheet28,SG_04_22_2,-1,-1,sheet29,SG_04_22_2,-1,-1;P_03_04_20 "P_03_04_20" true true false 254 Text 0 0 ,First,#,sheet30,P_03_04_20,-1,-1,sheet31,P_03_04_20,-1,-1,sheet32,P_03_04_20,-1,-1,sheet33,P_03_04_20,-1,-1,sheet19,P_03_04_20,-1,-1,sheet20,P_03_04_20,-1,-1,sheet21,P_03_04_20,-1,-1,sheet22,P_03_04_20,-1,-1,sheet23,P_03_04_20,-1,-1,sheet24,P_03_04_20,-1,-1,sheet25,P_03_04_20,-1,-1,sheet26,P_03_04_20,-1,-1,sheet27,P_03_04_20,-1,-1,sheet28,P_03_04_20,-1,-1,sheet29,P_03_04_20,-1,-1;SG_12_18_2 "SG_12_18_2" true true false 10 Long 0 10 ,First,#,sheet30,SG_12_18_2,-1,-1,sheet31,SG_12_18_2,-1,-1,sheet32,SG_12_18_2,-1,-1,sheet33,SG_12_18_2,-1,-1,sheet19,SG_12_18_2,-1,-1,sheet20,SG_12_18_2,-1,-1,sheet21,SG_12_18_2,-1,-1,sheet22,SG_12_18_2,-1,-1,sheet23,SG_12_18_2,-1,-1,sheet24,SG_12_18_2,-1,-1,sheet25,SG_12_18_2,-1,-1,sheet26,SG_12_18_2,-1,-1,sheet27,SG_12_18_2,-1,-1,sheet28,SG_12_18_2,-1,-1,sheet29,SG_12_18_2,-1,-1;G_11_06__1 "G_11_06__1" true true false 50 Text 0 10 ,First,#,sheet30,G_11_06__1,-1,-1,sheet31,G_11_06__1,-1,-1,sheet32,G_11_06__1,-1,-1,sheet33,G_11_06__1,-1,-1,sheet19,G_11_06__1,-1,-1,sheet20,G_11_06__1,-1,-1,sheet21,G_11_06__1,-1,-1,sheet22,G_11_06__1,-1,-1,sheet23,G_11_06__1,-1,-1,sheet24,G_11_06__1,-1,-1,sheet25,G_11_06__1,-1,-1,sheet26,G_11_06__1,-1,-1,sheet27,G_11_06__1,-1,-1,sheet28,G_11_06__1,-1,-1,sheet29,G_11_06__1,-1,-1;P_10_02_20 "P_10_02_20" true true false 10 Long 0 10 ,First,#,sheet30,P_10_02_20,-1,-1,sheet31,P_10_02_20,-1,-1,sheet32,P_10_02_20,-1,-1,sheet33,P_10_02_20,-1,-1,sheet19,P_10_02_20,-1,-1,sheet20,P_10_02_20,-1,-1,sheet21,P_10_02_20,-1,-1,sheet22,P_10_02_20,-1,-1,sheet23,P_10_02_20,-1,-1,sheet24,P_10_02_20,-1,-1,sheet25,P_10_02_20,-1,-1,sheet26,P_10_02_20,-1,-1,sheet27,P_10_02_20,-1,-1,sheet28,P_10_02_20,-1,-1,sheet29,P_10_02_20,-1,-1;P_09_25_20 "P_09_25_20" true true false 10 Long 0 10 ,First,#,sheet30,P_09_25_20,-1,-1,sheet31,P_09_25_20,-1,-1,sheet32,P_09_25_20,-1,-1,sheet33,P_09_25_20,-1,-1,sheet19,P_09_25_20,-1,-1,sheet20,P_09_25_20,-1,-1,sheet21,P_09_25_20,-1,-1,sheet22,P_09_25_20,-1,-1,sheet23,P_09_25_20,-1,-1,sheet24,P_09_25_20,-1,-1,sheet25,P_09_25_20,-1,-1,sheet26,P_09_25_20,-1,-1,sheet27,P_09_25_20,-1,-1,sheet28,P_09_25_20,-1,-1,sheet29,P_09_25_20,-1,-1;P_09_18_20 "P_09_18_20" true true false 10 Long 0 10 ,First,#,sheet30,P_09_18_20,-1,-1,sheet31,P_09_18_20,-1,-1,sheet32,P_09_18_20,-1,-1,sheet33,P_09_18_20,-1,-1,sheet19,P_09_18_20,-1,-1,sheet20,P_09_18_20,-1,-1,sheet21,P_09_18_20,-1,-1,sheet22,P_09_18_20,-1,-1,sheet23,P_09_18_20,-1,-1,sheet24,P_09_18_20,-1,-1,sheet25,P_09_18_20,-1,-1,sheet26,P_09_18_20,-1,-1,sheet27,P_09_18_20,-1,-1,sheet28,P_09_18_20,-1,-1,sheet29,P_09_18_20,-1,-1;P_09_11_20 "P_09_11_20" true true false 10 Long 0 10 ,First,#,sheet30,P_09_11_20,-1,-1,sheet31,P_09_11_20,-1,-1,sheet32,P_09_11_20,-1,-1,sheet33,P_09_11_20,-1,-1,sheet19,P_09_11_20,-1,-1,sheet20,P_09_11_20,-1,-1,sheet21,P_09_11_20,-1,-1,sheet22,P_09_11_20,-1,-1,sheet23,P_09_11_20,-1,-1,sheet24,P_09_11_20,-1,-1,sheet25,P_09_11_20,-1,-1,sheet26,P_09_11_20,-1,-1,sheet27,P_09_11_20,-1,-1,sheet28,P_09_11_20,-1,-1,sheet29,P_09_11_20,-1,-1;S_08_07__1 "S_08_07__1" true true false 10 Long 0 10 ,First,#,sheet30,S_08_07__1,-1,-1,sheet31,S_08_07__1,-1,-1,sheet32,S_08_07__1,-1,-1,sheet33,S_08_07__1,-1,-1,sheet19,S_08_07__1,-1,-1,sheet20,S_08_07__1,-1,-1,sheet21,S_08_07__1,-1,-1,sheet22,S_08_07__1,-1,-1,sheet23,S_08_07__1,-1,-1,sheet24,S_08_07__1,-1,-1,sheet25,S_08_07__1,-1,-1,sheet26,S_08_07__1,-1,-1,sheet27,S_08_07__1,-1,-1,sheet28,S_08_07__1,-1,-1,sheet29,S_08_07__1,-1,-1;SG_07_03_2 "SG_07_03_2" true true false 10 Long 0 10 ,First,#,sheet30,SG_07_03_2,-1,-1,sheet31,SG_07_03_2,-1,-1,sheet32,SG_07_03_2,-1,-1,sheet33,SG_07_03_2,-1,-1,sheet19,SG_07_03_2,-1,-1,sheet20,SG_07_03_2,-1,-1,sheet21,SG_07_03_2,-1,-1,sheet22,SG_07_03_2,-1,-1,sheet23,SG_07_03_2,-1,-1,sheet24,SG_07_03_2,-1,-1,sheet25,SG_07_03_2,-1,-1,sheet26,SG_07_03_2,-1,-1,sheet27,SG_07_03_2,-1,-1,sheet28,SG_07_03_2,-1,-1,sheet29,SG_07_03_2,-1,-1;P_05_08_20 "P_05_08_20" true true false 10 Long 0 10 ,First,#,sheet30,P_05_08_20,-1,-1,sheet31,P_05_08_20,-1,-1,sheet32,P_05_08_20,-1,-1,sheet33,P_05_08_20,-1,-1,sheet19,P_05_08_20,-1,-1,sheet20,P_05_08_20,-1,-1,sheet21,P_05_08_20,-1,-1,sheet22,P_05_08_20,-1,-1,sheet23,P_05_08_20,-1,-1,sheet24,P_05_08_20,-1,-1,sheet25,P_05_08_20,-1,-1,sheet26,P_05_08_20,-1,-1,sheet27,P_05_08_20,-1,-1,sheet28,P_05_08_20,-1,-1,sheet29,P_05_08_20,-1,-1;G_11_07_20 "G_11_07_20" true true false 254 Text 0 0 ,First,#,sheet30,G_11_07_20,-1,-1,sheet31,G_11_07_20,-1,-1,sheet32,G_11_07_20,-1,-1,sheet33,G_11_07_20,-1,-1,sheet19,G_11_07_20,-1,-1,sheet20,G_11_07_20,-1,-1,sheet21,G_11_07_20,-1,-1,sheet22,G_11_07_20,-1,-1,sheet23,G_11_07_20,-1,-1,sheet24,G_11_07_20,-1,-1,sheet25,G_11_07_20,-1,-1,sheet26,G_11_07_20,-1,-1,sheet27,G_11_07_20,-1,-1,sheet28,G_11_07_20,-1,-1,sheet29,G_11_07_20,-1,-1;S_02_06_20 "S_02_06_20" true true false 10 Long 0 10 ,First,#,sheet30,S_02_06_20,-1,-1,sheet31,S_02_06_20,-1,-1,sheet32,S_02_06_20,-1,-1,sheet33,S_02_06_20,-1,-1,sheet19,S_02_06_20,-1,-1,sheet20,S_02_06_20,-1,-1,sheet21,S_02_06_20,-1,-1,sheet22,S_02_06_20,-1,-1,sheet23,S_02_06_20,-1,-1,sheet24,S_02_06_20,-1,-1,sheet25,S_02_06_20,-1,-1,sheet26,S_02_06_20,-1,-1,sheet27,S_02_06_20,-1,-1,sheet28,S_02_06_20,-1,-1,sheet29,S_02_06_20,-1,-1;S_08_08_20 "S_08_08_20" true true false 10 Long 0 10 ,First,#,sheet30,S_08_08_20,-1,-1,sheet31,S_08_08_20,-1,-1,sheet32,S_08_08_20,-1,-1,sheet33,S_08_08_20,-1,-1,sheet19,S_08_08_20,-1,-1,sheet20,S_08_08_20,-1,-1,sheet21,S_08_08_20,-1,-1,sheet22,S_08_08_20,-1,-1,sheet23,S_08_08_20,-1,-1,sheet24,S_08_08_20,-1,-1,sheet25,S_08_08_20,-1,-1,sheet26,S_08_08_20,-1,-1,sheet27,S_08_08_20,-1,-1,sheet28,S_08_08_20,-1,-1,sheet29,S_08_08_20,-1,-1;P_05_02_20 "P_05_02_20" true true false 50 Text 0 10 ,First,#,sheet30,P_05_02_20,-1,-1,sheet31,P_05_02_20,-1,-1,sheet32,P_05_02_20,-1,-1,sheet33,P_05_02_20,-1,-1,sheet19,P_05_02_20,-1,-1,sheet20,P_05_02_20,-1,-1,sheet21,P_05_02_20,-1,-1,sheet22,P_05_02_20,-1,-1,sheet23,P_05_02_20,-1,-1,sheet24,P_05_02_20,-1,-1,sheet25,P_05_02_20,-1,-1,sheet26,P_05_02_20,-1,-1,sheet27,P_05_02_20,-1,-1,sheet28,P_05_02_20,-1,-1,sheet29,P_05_02_20,-1,-1;S_02_07_20 "S_02_07_20" true true false 10 Long 0 10 ,First,#,sheet30,S_02_07_20,-1,-1,sheet31,S_02_07_20,-1,-1,sheet32,S_02_07_20,-1,-1,sheet33,S_02_07_20,-1,-1,sheet19,S_02_07_20,-1,-1,sheet20,S_02_07_20,-1,-1,sheet21,S_02_07_20,-1,-1,sheet22,S_02_07_20,-1,-1,sheet23,S_02_07_20,-1,-1,sheet24,S_02_07_20,-1,-1,sheet25,S_02_07_20,-1,-1,sheet26,S_02_07_20,-1,-1,sheet27,S_02_07_20,-1,-1,sheet28,S_02_07_20,-1,-1,sheet29,S_02_07_20,-1,-1;City_Schoo "City_Schoo" true true false 254 Text 0 0 ,First,#,sheet30,City_Schoo,-1,-1,sheet31,City_Schoo,-1,-1,sheet32,City_Schoo,-1,-1,sheet33,City_Schoo,-1,-1,sheet19,City_Schoo,-1,-1,sheet20,City_Schoo,-1,-1,sheet21,City_Schoo,-1,-1,sheet22,City_Schoo,-1,-1,sheet23,City_Schoo,-1,-1,sheet24,City_Schoo,-1,-1,sheet25,City_Schoo,-1,-1,sheet26,City_Schoo,-1,-1,sheet27,City_Schoo,-1,-1,sheet28,City_Schoo,-1,-1,sheet29,City_Schoo,-1,-1;Congressio "Congressio" true true false 254 Text 0 0 ,First,#,sheet30,Congressio,-1,-1,sheet31,Congressio,-1,-1,sheet32,Congressio,-1,-1,sheet33,Congressio,-1,-1,sheet19,Congressio,-1,-1,sheet20,Congressio,-1,-1,sheet21,Congressio,-1,-1,sheet22,Congressio,-1,-1,sheet23,Congressio,-1,-1,sheet24,Congressio,-1,-1,sheet25,Congressio,-1,-1,sheet26,Congressio,-1,-1,sheet27,Congressio,-1,-1,sheet28,Congressio,-1,-1,sheet29,Congressio,-1,-1;House_Dist "House_Dist" true true false 254 Text 0 0 ,First,#,sheet30,House_Dist,-1,-1,sheet31,House_Dist,-1,-1,sheet32,House_Dist,-1,-1,sheet33,House_Dist,-1,-1,sheet19,House_Dist,-1,-1,sheet20,House_Dist,-1,-1,sheet21,House_Dist,-1,-1,sheet22,House_Dist,-1,-1,sheet23,House_Dist,-1,-1,sheet24,House_Dist,-1,-1,sheet25,House_Dist,-1,-1,sheet26,House_Dist,-1,-1,sheet27,House_Dist,-1,-1,sheet28,House_Dist,-1,-1,sheet29,House_Dist,-1,-1;Senate_Dis "Senate_Dis" true true false 254 Text 0 0 ,First,#,sheet30,Senate_Dis,-1,-1,sheet31,Senate_Dis,-1,-1,sheet32,Senate_Dis,-1,-1,sheet33,Senate_Dis,-1,-1,sheet19,Senate_Dis,-1,-1,sheet20,Senate_Dis,-1,-1,sheet21,Senate_Dis,-1,-1,sheet22,Senate_Dis,-1,-1,sheet23,Senate_Dis,-1,-1,sheet24,Senate_Dis,-1,-1,sheet25,Senate_Dis,-1,-1,sheet26,Senate_Dis,-1,-1,sheet27,Senate_Dis,-1,-1,sheet28,Senate_Dis,-1,-1,sheet29,Senate_Dis,-1,-1;Judicial_D "Judicial_D" true true false 254 Text 0 0 ,First,#,sheet30,Judicial_D,-1,-1,sheet31,Judicial_D,-1,-1,sheet32,Judicial_D,-1,-1,sheet33,Judicial_D,-1,-1,sheet19,Judicial_D,-1,-1,sheet20,Judicial_D,-1,-1,sheet21,Judicial_D,-1,-1,sheet22,Judicial_D,-1,-1,sheet23,Judicial_D,-1,-1,sheet24,Judicial_D,-1,-1,sheet25,Judicial_D,-1,-1,sheet26,Judicial_D,-1,-1,sheet27,Judicial_D,-1,-1,sheet28,Judicial_D,-1,-1,sheet29,Judicial_D,-1,-1;County_Cou "County_Cou" true true false 254 Text 0 0 ,First,#,sheet30,County_Cou,-1,-1,sheet31,County_Cou,-1,-1,sheet32,County_Cou,-1,-1,sheet33,County_Cou,-1,-1,sheet19,County_Cou,-1,-1,sheet20,County_Cou,-1,-1,sheet21,County_Cou,-1,-1,sheet22,County_Cou,-1,-1,sheet23,County_Cou,-1,-1,sheet24,County_Cou,-1,-1,sheet25,County_Cou,-1,-1,sheet26,County_Cou,-1,-1,sheet27,County_Cou,-1,-1,sheet28,County_Cou,-1,-1,sheet29,County_Cou,-1,-1"</Process><Process ToolSource="c:\program files (x86)\arcgis\desktop10.5\ArcToolbox\Toolboxes\Data Management Tools.tbx\AddXY" Date="20170410" Time="190528">AddXY Voters_Merged</Process><Process ToolSource="c:\program files (x86)\arcgis\desktop10.5\ArcToolbox\Toolboxes\Data Management Tools.tbx\Dissolve" Date="20170410" Time="194802">Dissolve Voters_Merged C:\data\temp\Voters_Parent_try2.shp Street_Goo;City_Good;State;Zip "apartment COUNT" MULTI_PART DISSOLVE_LINES</Process></lineage></DataProperties><SyncDate>20170410</SyncDate><SyncTime>19475000</SyncTime><ModDate>20170410</ModDate><ModTime>19475000</ModTime></Esri><dataIdInfo><envirDesc Sync="TRUE">Microsoft Windows 7 Version 6.1 (Build 7601) Service Pack 1; Esri ArcGIS 10.5.0.6491</envirDesc><dataLang><languageCode value="eng" Sync="TRUE"></languageCode><countryCode value="USA" Sync="TRUE"></countryCode></dataLang><idCitation><resTitle Sync="TRUE">Voters_Parent_try2</resTitle><presForm><PresFormCd value="005" Sync="TRUE"></PresFormCd></presForm></idCitation><spatRpType><SpatRepTypCd value="001" Sync="TRUE"></SpatRepTypCd></spatRpType></dataIdInfo><mdLang><languageCode value="eng" Sync="TRUE"></languageCode><countryCode value="USA" Sync="TRUE"></countryCode></mdLang><distInfo><distFormat><formatName Sync="TRUE">Shapefile</formatName></distFormat><distTranOps><transSize Sync="TRUE">0.000</transSize></distTranOps></distInfo><mdHrLv><ScopeCd value="005" Sync="TRUE"></ScopeCd></mdHrLv><mdHrLvName Sync="TRUE">dataset</mdHrLvName><refSysInfo><RefSystem><refSysID><identCode code="4326" Sync="TRUE"></identCode><idCodeSpace Sync="TRUE">EPSG</idCodeSpace><idVersion Sync="TRUE">6.14(3.0.1)</idVersion></refSysID></RefSystem></refSysInfo><spatRepInfo><VectSpatRep><geometObjs Name="Voters_Parent_try2"><geoObjTyp><GeoObjTypCd value="001" Sync="TRUE"></GeoObjTypCd></geoObjTyp><geoObjCnt Sync="TRUE">0</geoObjCnt></geometObjs><topLvl><TopoLevCd value="001" Sync="TRUE"></TopoLevCd></topLvl></VectSpatRep></spatRepInfo><spdoinfo><ptvctinf><esriterm Name="Voters_Parent_try2"><efeatyp Sync="TRUE">Simple</efeatyp><efeageom code="2" Sync="TRUE"></efeageom><esritopo Sync="TRUE">FALSE</esritopo><efeacnt Sync="TRUE">0</efeacnt><spindex Sync="TRUE">FALSE</spindex><linrefer Sync="TRUE">TRUE</linrefer></esriterm></ptvctinf></spdoinfo><eainfo><detailed Name="Voters_Parent_try2"><enttyp><enttypl Sync="TRUE">Voters_Parent_try2</enttypl><enttypt Sync="TRUE">Feature Class</enttypt><enttypc Sync="TRUE">0</enttypc></enttyp><attr><attrlabl Sync="TRUE">FID</attrlabl><attalias Sync="TRUE">FID</attalias><attrtype Sync="TRUE">OID</attrtype><attwidth Sync="TRUE">4</attwidth><atprecis Sync="TRUE">0</atprecis><attscale Sync="TRUE">0</attscale><attrdef Sync="TRUE">Internal feature number.</attrdef><attrdefs Sync="TRUE">Esri</attrdefs><attrdomv><udom Sync="TRUE">Sequential unique whole numbers that are automatically generated.</udom></attrdomv></attr><attr><attrlabl Sync="TRUE">Shape</attrlabl><attalias Sync="TRUE">Shape</attalias><attrtype Sync="TRUE">Geometry</attrtype><attwidth Sync="TRUE">0</attwidth><atprecis Sync="TRUE">0</atprecis><attscale Sync="TRUE">0</attscale><attrdef Sync="TRUE">Feature geometry.</attrdef><attrdefs Sync="TRUE">Esri</attrdefs><attrdomv><udom Sync="TRUE">Coordinates defining the features.</udom></attrdomv></attr><attr><attrlabl Sync="TRUE">Street_Goo</attrlabl><attalias Sync="TRUE">Street_Goo</attalias><attrtype Sync="TRUE">String</attrtype><attwidth Sync="TRUE">254</attwidth><atprecis Sync="TRUE">0</atprecis><attscale Sync="TRUE">0</attscale></attr><attr><attrlabl Sync="TRUE">City_Good</attrlabl><attalias Sync="TRUE">City_Good</attalias><attrtype Sync="TRUE">String</attrtype><attwidth Sync="TRUE">254</attwidth><atprecis Sync="TRUE">0</atprecis><attscale Sync="TRUE">0</attscale></attr><attr><attrlabl Sync="TRUE">State</attrlabl><attalias Sync="TRUE">State</attalias><attrtype Sync="TRUE">String</attrtype><attwidth Sync="TRUE">254</attwidth><atprecis Sync="TRUE">0</atprecis><attscale Sync="TRUE">0</attscale></attr><attr><attrlabl Sync="TRUE">Zip</attrlabl><attalias Sync="TRUE">Zip</attalias><attrtype Sync="TRUE">String</attrtype><attwidth Sync="TRUE">254</attwidth><atprecis Sync="TRUE">0</atprecis><attscale Sync="TRUE">0</attscale></attr><attr><attrlabl Sync="TRUE">COUNT_apar</attrlabl><attalias Sync="TRUE">COUNT_apar</attalias><attrtype Sync="TRUE">Integer</attrtype><attwidth Sync="TRUE">10</attwidth><atprecis Sync="TRUE">10</atprecis><attscale Sync="TRUE">0</attscale></attr></detailed></eainfo><mdDateSt Sync="TRUE">20170410</mdDateSt><mdChar><CharSetCd value="004" Sync="TRUE"></CharSetCd></mdChar></metadata>
